GoalX,GoalY,MeanSuccess,MeanDist
0.5,0.5,100.0,0.10556774824913547
1.5,-0.5,100.0,0.11439854119024351
1.0,0.0,80.0,0.1401790866548418
